time,open,high,low,close,tick_volume,spread,real_volume
2025-09-01 03:00:00,1.35027,1.35188,1.35019,1.35179,2073,8,0
2025-09-01 04:00:00,1.35179,1.35188,1.3505,1.3511600000000001,3915,8,0
2025-09-01 05:00:00,1.35117,1.35283,1.35117,1.3526500000000001,2889,8,0
2025-09-01 06:00:00,1.3526500000000001,1.35286,1.35194,1.35228,2746,8,0
2025-09-01 07:00:00,1.35227,1.35232,1.35163,1.35176,1983,8,0
2025-09-01 08:00:00,1.35176,1.35274,1.35168,1.35246,2364,8,0
2025-09-01 09:00:00,1.35246,1.35402,1.35222,1.35313,2516,8,0
2025-09-01 10:00:00,1.35313,1.35358,1.3514599999999999,1.35298,2804,8,0
2025-09-01 11:00:00,1.3529900000000001,1.35367,1.3524,1.35348,2502,8,0
2025-09-01 12:00:00,1.35348,1.35367,1.3523399999999999,1.35298,2467,8,0
2025-09-01 13:00:00,1.35301,1.35343,1.35228,1.35236,1721,8,0
2025-09-01 14:00:00,1.35236,1.35324,1.35222,1.35236,2230,8,0
2025-09-01 15:00:00,1.35235,1.35333,1.3523399999999999,1.35325,2493,8,0
2025-09-01 16:00:00,1.35328,1.35443,1.35307,1.35365,2684,8,0
2025-09-01 17:00:00,1.35362,1.35493,1.35344,1.35468,2901,8,0
2025-09-01 18:00:00,1.35463,1.35489,1.35376,1.35409,2797,8,0
2025-09-01 19:00:00,1.3541,1.35452,1.35393,1.35416,1467,8,0
2025-09-01 20:00:00,1.35415,1.35426,1.35398,1.35419,856,8,0
2025-09-01 21:00:00,1.35419,1.35437,1.35409,1.35434,1003,8,0
2025-09-01 22:00:00,1.35434,1.35486,1.35431,1.35479,526,8,0
2025-09-01 23:00:00,1.35479,1.35494,1.35434,1.35434,688,8,0
2025-09-02 00:00:00,1.3544100000000001,1.3544800000000001,1.3534,1.35397,1010,18,0
2025-09-02 01:00:00,1.35406,1.3548200000000001,1.35404,1.35442,539,8,0
2025-09-02 02:00:00,1.35445,1.35487,1.35435,1.35456,872,8,0
2025-09-02 03:00:00,1.35456,1.3547799999999999,1.35348,1.35371,2638,8,0
2025-09-02 04:00:00,1.35372,1.35411,1.35325,1.35358,3163,8,0
2025-09-02 05:00:00,1.35358,1.35358,1.35233,1.35288,2647,8,0
2025-09-02 06:00:00,1.35289,1.353,1.35239,1.35254,1856,8,0
2025-09-02 07:00:00,1.35254,1.35296,1.35227,1.35269,1473,8,0
2025-09-02 08:00:00,1.3526799999999999,1.35305,1.35198,1.35206,1845,8,0
2025-09-02 09:00:00,1.3520699999999999,1.35333,1.3520699999999999,1.35309,3302,8,0
2025-09-02 10:00:00,1.35309,1.35327,1.33936,1.34028,8447,8,0
2025-09-02 11:00:00,1.34029,1.34338,1.33751,1.3412600000000001,7262,8,0
2025-09-02 12:00:00,1.3412600000000001,1.34173,1.33808,1.3399,5707,8,0
2025-09-02 13:00:00,1.3399,1.3401,1.3371,1.33781,4956,8,0
2025-09-02 14:00:00,1.33781,1.33847,1.33691,1.33833,4937,8,0
2025-09-02 15:00:00,1.33833,1.33971,1.33398,1.33514,6825,8,0
2025-09-02 16:00:00,1.33515,1.33955,1.33419,1.33896,6111,8,0
2025-09-02 17:00:00,1.33907,1.34182,1.33907,1.33967,6819,8,0
2025-09-02 18:00:00,1.33967,1.33997,1.33739,1.33893,4627,8,0
2025-09-02 19:00:00,1.33894,1.33922,1.33827,1.3392,3721,8,0
2025-09-02 20:00:00,1.33921,1.33935,1.33836,1.33839,2252,8,0
2025-09-02 21:00:00,1.33839,1.33863,1.33746,1.33789,2763,8,0
2025-09-02 22:00:00,1.33789,1.33908,1.3378700000000001,1.33902,2140,8,0
2025-09-02 23:00:00,1.33901,1.33966,1.33898,1.33936,1508,8,0
2025-09-03 00:00:00,1.33876,1.33928,1.33804,1.33927,823,32,0
2025-09-03 01:00:00,1.33927,1.33951,1.33859,1.33862,661,8,0
2025-09-03 02:00:00,1.33862,1.33873,1.33808,1.33808,932,8,0
2025-09-03 03:00:00,1.33808,1.3382800000000001,1.33717,1.33753,2069,8,0
2025-09-03 04:00:00,1.33753,1.33775,1.3366799999999999,1.33688,2475,8,0
2025-09-03 05:00:00,1.33688,1.33748,1.3363,1.33651,2093,8,0
2025-09-03 06:00:00,1.33651,1.3369900000000001,1.3361100000000001,1.3361100000000001,1592,8,0
2025-09-03 07:00:00,1.3361,1.337,1.33603,1.33689,1521,8,0
2025-09-03 08:00:00,1.33689,1.33735,1.33588,1.33621,2370,8,0
2025-09-03 09:00:00,1.33619,1.33904,1.33617,1.3376299999999999,2790,8,0
2025-09-03 10:00:00,1.3376000000000001,1.33799,1.3332899999999999,1.33658,5396,8,0
2025-09-03 11:00:00,1.3366,1.34087,1.3366,1.34067,4660,8,0
2025-09-03 12:00:00,1.34067,1.3417,1.34019,1.3407200000000001,4299,8,0
2025-09-03 13:00:00,1.3407200000000001,1.34107,1.33947,1.34035,2865,8,0
2025-09-03 14:00:00,1.34035,1.34123,1.33971,1.34114,3169,8,0
2025-09-03 15:00:00,1.34111,1.34289,1.34084,1.34244,4296,8,0
2025-09-03 16:00:00,1.34243,1.34361,1.34098,1.34165,5165,8,0
2025-09-03 17:00:00,1.3416299999999999,1.34462,1.34132,1.34331,6720,8,0
2025-09-03 18:00:00,1.34331,1.34535,1.34297,1.34473,4537,8,0
2025-09-03 19:00:00,1.3447200000000001,1.34518,1.3443399999999999,1.34496,2794,8,0
2025-09-03 20:00:00,1.34496,1.34579,1.34385,1.34409,2819,8,0
2025-09-03 21:00:00,1.3441,1.3447200000000001,1.3437700000000001,1.34414,2557,8,0
2025-09-03 22:00:00,1.34417,1.34417,1.34342,1.3437999999999999,2150,8,0
2025-09-03 23:00:00,1.34379,1.34457,1.34378,1.3443100000000001,1778,8,0
2025-09-04 00:00:00,1.34334,1.34439,1.34333,1.34396,1808,21,0
2025-09-04 01:00:00,1.34392,1.34422,1.34382,1.34383,728,8,0
2025-09-04 02:00:00,1.34384,1.34425,1.34375,1.34402,824,8,0
2025-09-04 03:00:00,1.34403,1.34433,1.34356,1.34415,2219,8,0
2025-09-04 04:00:00,1.34416,1.34494,1.34329,1.34368,2734,8,0
2025-09-04 05:00:00,1.34368,1.3437299999999999,1.34289,1.34305,2064,8,0
2025-09-04 06:00:00,1.34306,1.34328,1.3425500000000001,1.34276,1590,8,0
2025-09-04 07:00:00,1.34277,1.34301,1.3425099999999999,1.34266,1207,8,0
2025-09-04 08:00:00,1.34266,1.34297,1.34235,1.34276,1685,8,0
2025-09-04 09:00:00,1.34277,1.34408,1.34277,1.3435000000000001,2159,8,0
2025-09-04 10:00:00,1.34352,1.34378,1.34161,1.34267,3724,8,0
2025-09-04 11:00:00,1.34266,1.34569,1.34263,1.34536,3363,8,0
2025-09-04 12:00:00,1.34536,1.34588,1.34335,1.34394,2854,8,0
2025-09-04 13:00:00,1.34394,1.34555,1.34372,1.34485,3209,8,0
2025-09-04 14:00:00,1.34484,1.34486,1.3425099999999999,1.3433,3315,8,0
2025-09-04 15:00:00,1.34331,1.34548,1.34215,1.34406,5868,8,0
2025-09-04 16:00:00,1.3440699999999999,1.3446500000000001,1.34254,1.3440699999999999,5491,8,0
2025-09-04 17:00:00,1.34403,1.34403,1.34167,1.34267,6469,8,0
2025-09-04 18:00:00,1.34267,1.34403,1.34256,1.34382,3432,8,0
2025-09-04 19:00:00,1.34382,1.34392,1.34171,1.3421,2399,8,0
2025-09-04 20:00:00,1.3421,1.34262,1.34186,1.34218,2048,8,0
2025-09-04 21:00:00,1.3421699999999999,1.34311,1.3421699999999999,1.34257,2241,8,0
2025-09-04 22:00:00,1.34257,1.34362,1.34257,1.34356,1608,8,0
2025-09-04 23:00:00,1.34356,1.3437000000000001,1.34315,1.34351,869,8,0
2025-09-05 00:00:00,1.34262,1.3433899999999999,1.34206,1.3431,663,18,0
2025-09-05 01:00:00,1.3431,1.34351,1.3431,1.3433,661,8,0
2025-09-05 02:00:00,1.34329,1.34444,1.34326,1.3443399999999999,1019,8,0
2025-09-05 03:00:00,1.34435,1.34497,1.34415,1.34487,2903,8,0
2025-09-05 04:00:00,1.34487,1.34537,1.34463,1.34513,2786,8,0
2025-09-05 05:00:00,1.34513,1.34567,1.34496,1.3452600000000001,2688,8,0
2025-09-05 06:00:00,1.3452600000000001,1.34547,1.34517,1.3453300000000001,2022,8,0
2025-09-05 07:00:00,1.3453300000000001,1.34541,1.34475,1.34498,1085,8,0
2025-09-05 08:00:00,1.34497,1.34628,1.34494,1.34612,1199,8,0
2025-09-05 09:00:00,1.34612,1.34715,1.34552,1.34552,3704,8,0
2025-09-05 10:00:00,1.34552,1.34661,1.34497,1.34638,3012,8,0
2025-09-05 11:00:00,1.34638,1.34718,1.34615,1.34695,2862,8,0
2025-09-05 12:00:00,1.34696,1.34808,1.34668,1.34806,2362,8,0
2025-09-05 13:00:00,1.34806,1.34854,1.3477299999999999,1.3477999999999999,2488,8,0
2025-09-05 14:00:00,1.3477999999999999,1.3483,1.34612,1.3461699999999999,3309,8,0
2025-09-05 15:00:00,1.34616,1.35336,1.34573,1.35206,10177,8,0
2025-09-05 16:00:00,1.35206,1.35493,1.35132,1.3548,8929,8,0
2025-09-05 17:00:00,1.3548200000000001,1.3554300000000001,1.3504399999999999,1.35198,8046,8,0
2025-09-05 18:00:00,1.35199,1.3543,1.35179,1.35407,5662,8,0
2025-09-05 19:00:00,1.3541,1.3542,1.3525,1.35255,4440,8,0
2025-09-05 20:00:00,1.35256,1.35257,1.3510499999999999,1.35122,3323,8,0
2025-09-05 21:00:00,1.35123,1.35141,1.35005,1.35047,3157,8,0
2025-09-05 22:00:00,1.35047,1.3511,1.35013,1.3502399999999999,2342,8,0
2025-09-05 23:00:00,1.35025,1.35093,1.3501699999999999,1.35061,2300,8,0
2025-09-08 00:00:00,1.34969,1.35031,1.34941,1.34959,403,28,0
2025-09-08 01:00:00,1.34959,1.35034,1.34818,1.3486099999999999,1704,8,0
2025-09-08 02:00:00,1.34864,1.3495599999999999,1.34856,1.34921,1802,8,0
2025-09-08 03:00:00,1.34921,1.34957,1.34828,1.34955,3235,8,0
2025-09-08 04:00:00,1.3495599999999999,1.35028,1.3490199999999999,1.35012,4517,8,0
2025-09-08 05:00:00,1.35011,1.3505,1.34966,1.35036,4275,8,0
2025-09-08 06:00:00,1.35036,1.35052,1.34942,1.34951,2647,8,0
2025-09-08 07:00:00,1.34951,1.3497,1.34862,1.34958,1623,8,0
2025-09-08 08:00:00,1.34959,1.35033,1.34952,1.34961,2069,8,0
2025-09-08 09:00:00,1.3496299999999999,1.35184,1.3496299999999999,1.35179,4247,8,0
2025-09-08 10:00:00,1.35179,1.35256,1.35107,1.35155,4506,8,0
2025-09-08 11:00:00,1.35154,1.3525800000000001,1.35057,1.35119,3880,8,0
2025-09-08 12:00:00,1.35119,1.35137,1.35077,1.35087,2943,8,0
2025-09-08 13:00:00,1.3508499999999999,1.35315,1.3501699999999999,1.35298,2710,8,0
2025-09-08 14:00:00,1.35297,1.35358,1.35219,1.35289,3016,8,0
2025-09-08 15:00:00,1.35288,1.35488,1.35269,1.35426,4160,8,0
2025-09-08 16:00:00,1.35432,1.35561,1.35397,1.35446,4546,8,0
2025-09-08 17:00:00,1.35446,1.35464,1.35305,1.35349,4961,8,0
2025-09-08 18:00:00,1.35349,1.35463,1.35325,1.35459,3940,8,0
2025-09-08 19:00:00,1.35459,1.3548,1.35275,1.35371,2864,8,0
2025-09-08 20:00:00,1.35369,1.35395,1.35269,1.35273,2540,8,0
2025-09-08 21:00:00,1.35272,1.35534,1.35272,1.35527,2224,8,0
2025-09-08 22:00:00,1.35527,1.35545,1.35487,1.35503,1999,8,0
2025-09-08 23:00:00,1.3550200000000001,1.35507,1.35433,1.35436,1268,8,0
2025-09-09 00:00:00,1.35419,1.35492,1.35412,1.35418,728,21,0
2025-09-09 01:00:00,1.35432,1.35492,1.35432,1.35486,1430,8,0
2025-09-09 02:00:00,1.35487,1.3557299999999999,1.35487,1.35522,948,8,0
2025-09-09 03:00:00,1.35522,1.35618,1.355,1.3558,2520,8,0
2025-09-09 04:00:00,1.35579,1.357,1.35526,1.35666,2856,8,0
2025-09-09 05:00:00,1.3566500000000001,1.35709,1.35625,1.3563100000000001,2124,8,0
2025-09-09 06:00:00,1.3563100000000001,1.35645,1.35576,1.3559,1457,8,0
2025-09-09 07:00:00,1.3559,1.3575,1.35584,1.35733,2132,8,0
2025-09-09 08:00:00,1.35734,1.358,1.35702,1.35788,2234,8,0
2025-09-09 09:00:00,1.35788,1.35821,1.35575,1.35657,3419,8,0
2025-09-09 10:00:00,1.35657,1.35761,1.35579,1.35649,4100,8,0
2025-09-09 11:00:00,1.35649,1.35752,1.35577,1.3572600000000001,4579,8,0
2025-09-09 12:00:00,1.3572600000000001,1.359,1.35724,1.35866,3627,8,0
2025-09-09 13:00:00,1.35865,1.35889,1.3574,1.3577,2866,8,0
2025-09-09 14:00:00,1.35771,1.35779,1.35568,1.35577,2599,8,0
2025-09-09 15:00:00,1.35578,1.35596,1.35453,1.3553899999999999,3942,8,0
2025-09-09 16:00:00,1.3553899999999999,1.35651,1.35511,1.35535,4867,8,0
2025-09-09 17:00:00,1.3554,1.35741,1.35316,1.35391,8529,8,0
2025-09-09 18:00:00,1.35392,1.35406,1.35224,1.35309,5151,8,0
2025-09-09 19:00:00,1.35308,1.35462,1.35257,1.35341,3722,8,0
2025-09-09 20:00:00,1.35342,1.3538299999999999,1.35241,1.35257,3806,8,0
2025-09-09 21:00:00,1.35257,1.35272,1.35216,1.35221,2776,8,0
2025-09-09 22:00:00,1.35221,1.35244,1.35179,1.35189,1931,8,0
2025-09-09 23:00:00,1.35188,1.35269,1.35178,1.3526500000000001,1280,8,0
2025-09-10 00:00:00,1.35196,1.3526099999999999,1.35134,1.3519999999999999,1603,25,0
2025-09-10 01:00:00,1.3519999999999999,1.35301,1.3519999999999999,1.35297,712,8,0
2025-09-10 02:00:00,1.35297,1.35297,1.35179,1.3519999999999999,1284,8,0
2025-09-10 03:00:00,1.3519999999999999,1.35232,1.35158,1.35219,2411,8,0
2025-09-10 04:00:00,1.35219,1.35276,1.35142,1.35218,3613,8,0
2025-09-10 05:00:00,1.35218,1.3532,1.3520400000000001,1.35312,2266,8,0
2025-09-10 06:00:00,1.35313,1.3536000000000001,1.35302,1.3532199999999999,2432,8,0
2025-09-10 07:00:00,1.3532199999999999,1.3542100000000001,1.3531,1.3541699999999999,1882,8,0
2025-09-10 08:00:00,1.35416,1.35418,1.3531900000000001,1.35345,2223,8,0
2025-09-10 09:00:00,1.35346,1.35429,1.3520699999999999,1.35253,4227,8,0
2025-09-10 10:00:00,1.35255,1.35382,1.35126,1.3532899999999999,3886,8,0
2025-09-10 11:00:00,1.3533,1.35334,1.35193,1.3527,3455,8,0
2025-09-10 12:00:00,1.3527,1.3545099999999999,1.3526,1.35422,3017,8,0
2025-09-10 13:00:00,1.3542100000000001,1.35431,1.35306,1.3538299999999999,3144,8,0
2025-09-10 14:00:00,1.3538299999999999,1.35389,1.35272,1.35335,3074,8,0
2025-09-10 15:00:00,1.35336,1.35635,1.35229,1.3529900000000001,6294,8,0
2025-09-10 16:00:00,1.35298,1.35572,1.3525,1.35548,6319,8,0
2025-09-10 17:00:00,1.35547,1.35608,1.35469,1.35501,5320,8,0
2025-09-10 18:00:00,1.355,1.35547,1.35427,1.3546,3503,8,0
2025-09-10 19:00:00,1.35461,1.3549,1.35331,1.3535599999999999,3255,8,0
2025-09-10 20:00:00,1.35355,1.35403,1.35271,1.35339,2511,8,0
2025-09-10 21:00:00,1.35339,1.3541400000000001,1.35317,1.3535599999999999,2440,8,0
2025-09-10 22:00:00,1.3535300000000001,1.3536299999999999,1.35209,1.35302,2397,8,0
2025-09-10 23:00:00,1.35302,1.35324,1.35262,1.35304,1185,8,0
2025-09-11 00:00:00,1.35311,1.35341,1.3515,1.35216,1053,8,0
2025-09-11 01:00:00,1.35216,1.35375,1.35216,1.35375,603,8,0
2025-09-11 02:00:00,1.35376,1.35394,1.3532600000000001,1.3532600000000001,593,8,0
2025-09-11 03:00:00,1.3532600000000001,1.3532600000000001,1.35264,1.3527,2453,8,0
2025-09-11 04:00:00,1.3527,1.35336,1.35262,1.35291,2316,8,0
2025-09-11 05:00:00,1.35293,1.35294,1.35221,1.35254,1782,8,0
2025-09-11 06:00:00,1.35254,1.35297,1.35248,1.3527,1475,8,0
2025-09-11 07:00:00,1.3527,1.3528,1.35226,1.35264,1335,8,0
2025-09-11 08:00:00,1.35264,1.3526500000000001,1.35148,1.35161,1895,8,0
2025-09-11 09:00:00,1.35161,1.35241,1.35111,1.35159,3533,8,0
2025-09-11 10:00:00,1.35157,1.35217,1.35028,1.35152,4025,8,0
2025-09-11 11:00:00,1.35152,1.35209,1.3513,1.35142,4224,8,0
2025-09-11 12:00:00,1.35142,1.35155,1.34937,1.35023,3513,8,0
2025-09-11 13:00:00,1.35023,1.35152,1.34989,1.3514599999999999,3333,8,0
2025-09-11 14:00:00,1.35145,1.35224,1.35055,1.35071,3598,8,0
2025-09-11 15:00:00,1.35071,1.3548499999999999,1.34921,1.35446,8954,8,0
2025-09-11 16:00:00,1.3545099999999999,1.35611,1.35392,1.35525,8468,8,0
2025-09-11 17:00:00,1.35525,1.35663,1.35496,1.3557000000000001,6422,8,0
2025-09-11 18:00:00,1.3557000000000001,1.3578700000000001,1.3552,1.35655,5487,8,0
2025-09-11 19:00:00,1.35655,1.35786,1.35653,1.35773,3240,8,0
2025-09-11 20:00:00,1.35773,1.35824,1.35682,1.35704,2965,8,0
2025-09-11 21:00:00,1.35704,1.35819,1.35693,1.3578700000000001,2470,8,0
2025-09-11 22:00:00,1.3578700000000001,1.35812,1.35764,1.35775,2549,8,0
2025-09-11 23:00:00,1.35774,1.35798,1.35708,1.35721,2129,8,0
2025-09-12 00:00:00,1.35675,1.35752,1.3563399999999999,1.35715,757,23,0
2025-09-12 01:00:00,1.35723,1.358,1.35667,1.35781,845,8,0
2025-09-12 02:00:00,1.35781,1.35799,1.35734,1.35735,901,8,0
2025-09-12 03:00:00,1.35734,1.35751,1.35682,1.35721,3001,8,0
2025-09-12 04:00:00,1.35721,1.35731,1.35562,1.3557000000000001,2596,8,0
2025-09-12 05:00:00,1.35568,1.35625,1.35551,1.35576,1970,8,0
2025-09-12 06:00:00,1.35575,1.3558,1.3553,1.35547,1394,8,0
2025-09-12 07:00:00,1.3554599999999999,1.35562,1.35518,1.35557,1540,8,0
2025-09-12 08:00:00,1.35557,1.35601,1.35518,1.3557299999999999,1454,8,0
2025-09-12 09:00:00,1.3557299999999999,1.35592,1.35446,1.35562,3115,8,0
2025-09-12 10:00:00,1.35561,1.35745,1.35561,1.35636,2987,8,0
2025-09-12 11:00:00,1.35637,1.35637,1.35305,1.35332,3955,8,0
2025-09-12 12:00:00,1.35332,1.35476,1.35298,1.3546,3084,8,0
2025-09-12 13:00:00,1.35459,1.35582,1.35452,1.35562,2884,8,0
2025-09-12 14:00:00,1.35562,1.35622,1.35464,1.3548200000000001,2641,8,0
2025-09-12 15:00:00,1.3548200000000001,1.3549,1.3523800000000001,1.35428,3975,8,0
2025-09-12 16:00:00,1.35428,1.3549,1.35374,1.35457,4625,8,0
2025-09-12 17:00:00,1.3545099999999999,1.3569200000000001,1.3544800000000001,1.35584,5049,8,0
2025-09-12 18:00:00,1.35583,1.35613,1.35431,1.35447,4088,8,0
2025-09-12 19:00:00,1.3544800000000001,1.35678,1.35402,1.3559700000000001,2803,8,0
2025-09-12 20:00:00,1.35598,1.35677,1.3559,1.35594,2399,8,0
2025-09-12 21:00:00,1.35593,1.35704,1.35593,1.35693,2086,8,0
2025-09-12 22:00:00,1.35693,1.357,1.3560400000000001,1.35611,1967,8,0
2025-09-12 23:00:00,1.35611,1.35613,1.3550900000000001,1.35553,1979,8,0
2025-09-15 00:00:00,1.3557000000000001,1.35646,1.35386,1.35596,1075,9,0
2025-09-15 01:00:00,1.35596,1.35615,1.35515,1.3556300000000001,814,9,0
2025-09-15 02:00:00,1.3556300000000001,1.3558,1.35513,1.35522,1012,8,0
2025-09-15 03:00:00,1.35522,1.35554,1.3548200000000001,1.35553,1398,8,0
2025-09-15 04:00:00,1.35553,1.35596,1.35523,1.35585,2455,8,0
2025-09-15 05:00:00,1.35585,1.35605,1.35547,1.35592,1608,8,0
2025-09-15 06:00:00,1.35592,1.3567,1.35587,1.35643,1316,8,0
2025-09-15 07:00:00,1.35643,1.35705,1.35641,1.35669,1476,8,0
2025-09-15 08:00:00,1.3566799999999999,1.35675,1.3561,1.35612,1810,8,0
2025-09-15 09:00:00,1.35613,1.35674,1.35528,1.35623,2971,8,0
2025-09-15 10:00:00,1.35622,1.35935,1.35612,1.35815,3513,8,0
2025-09-15 11:00:00,1.35813,1.35988,1.35789,1.3581400000000001,3342,8,0
2025-09-15 12:00:00,1.35815,1.35996,1.3578299999999999,1.35917,2873,8,0
2025-09-15 13:00:00,1.35917,1.3613,1.35915,1.36066,3124,8,0
2025-09-15 14:00:00,1.36066,1.36191,1.36046,1.3614600000000001,2601,8,0
2025-09-15 15:00:00,1.36147,1.36197,1.3608,1.36143,4166,8,0
2025-09-15 16:00:00,1.36143,1.3617,1.3595,1.35955,4149,8,0
2025-09-15 17:00:00,1.35955,1.35958,1.35842,1.35889,5285,8,0
2025-09-15 18:00:00,1.35889,1.36069,1.35866,1.3606500000000001,3663,8,0
2025-09-15 19:00:00,1.36066,1.3609200000000001,1.35942,1.35984,3370,8,0
2025-09-15 20:00:00,1.35984,1.36109,1.3594300000000001,1.36086,2663,8,0
2025-09-15 21:00:00,1.36087,1.36099,1.35996,1.36049,2840,8,0
2025-09-15 22:00:00,1.36049,1.361,1.36037,1.36087,2885,8,0
2025-09-15 23:00:00,1.36087,1.36108,1.35961,1.35976,1854,8,0
2025-09-16 00:00:00,1.35941,1.36023,1.35941,1.3599999999999999,754,25,0
2025-09-16 01:00:00,1.36001,1.36036,1.35995,1.3603100000000001,904,8,0
2025-09-16 02:00:00,1.3603100000000001,1.36045,1.36005,1.36005,673,8,0
2025-09-16 03:00:00,1.36006,1.36053,1.35976,1.36012,1953,8,0
2025-09-16 04:00:00,1.36013,1.3605800000000001,1.35976,1.3602699999999999,2474,8,0
2025-09-16 05:00:00,1.36026,1.36137,1.3602400000000001,1.36118,2530,8,0
2025-09-16 06:00:00,1.36117,1.36247,1.36103,1.36171,2449,8,0
2025-09-16 07:00:00,1.36171,1.36173,1.3611900000000001,1.36152,2332,8,0
2025-09-16 08:00:00,1.36152,1.36205,1.3614,1.36193,2330,8,0
2025-09-16 09:00:00,1.36194,1.3632900000000001,1.36194,1.36294,3482,8,0
2025-09-16 10:00:00,1.36295,1.3642400000000001,1.36261,1.3627799999999999,3454,8,0
2025-09-16 11:00:00,1.3627799999999999,1.36379,1.36238,1.36261,3369,8,0
2025-09-16 12:00:00,1.36263,1.3645100000000001,1.36258,1.36415,4057,8,0
2025-09-16 13:00:00,1.36414,1.36418,1.36257,1.36264,3285,8,0
2025-09-16 14:00:00,1.36265,1.36494,1.36237,1.36428,3988,8,0
2025-09-16 15:00:00,1.36429,1.36457,1.3624399999999999,1.36403,5185,8,0
2025-09-16 16:00:00,1.36403,1.3659,1.36385,1.36574,5021,8,0
2025-09-16 17:00:00,1.36575,1.36714,1.3649200000000001,1.36562,6572,8,0
2025-09-16 18:00:00,1.36561,1.36574,1.36383,1.36526,4558,8,0
2025-09-16 19:00:00,1.36526,1.36636,1.36504,1.36575,3609,8,0
2025-09-16 20:00:00,1.36574,1.36677,1.36525,1.36582,3461,8,0
2025-09-16 21:00:00,1.36581,1.3663699999999999,1.3655599999999999,1.36591,2506,8,0
2025-09-16 22:00:00,1.3659,1.3660999999999999,1.36498,1.36508,2126,8,0
2025-09-16 23:00:00,1.36507,1.36536,1.36416,1.36443,2096,8,0
2025-09-17 00:00:00,1.3643399999999999,1.36493,1.36395,1.36442,642,19,0
2025-09-17 01:00:00,1.3642699999999999,1.36539,1.36413,1.36496,969,8,0
2025-09-17 02:00:00,1.3649499999999999,1.3654899999999999,1.3648500000000001,1.3651900000000001,911,8,0
2025-09-17 03:00:00,1.3652,1.36586,1.36443,1.36445,2310,8,0
2025-09-17 04:00:00,1.36446,1.36478,1.36388,1.36428,2547,8,0
2025-09-17 05:00:00,1.3642699999999999,1.36448,1.36403,1.36426,1915,8,0
2025-09-17 06:00:00,1.36426,1.36456,1.36404,1.36425,1277,8,0
2025-09-17 07:00:00,1.36425,1.36435,1.36404,1.36415,1318,8,0
2025-09-17 08:00:00,1.36415,1.3648500000000001,1.36415,1.36479,1445,8,0
2025-09-17 09:00:00,1.36459,1.36521,1.36344,1.36395,3500,8,0
2025-09-17 10:00:00,1.36395,1.36412,1.36294,1.36343,2993,8,0
2025-09-17 11:00:00,1.36343,1.36518,1.36316,1.36396,2426,8,0
2025-09-17 12:00:00,1.36396,1.36559,1.36396,1.36484,2269,8,0
2025-09-17 13:00:00,1.36483,1.3652,1.3638,1.36436,3174,8,0
2025-09-17 14:00:00,1.36437,1.3652,1.36395,1.36464,2805,8,0
2025-09-17 15:00:00,1.36464,1.3654,1.3643,1.36538,2992,8,0
2025-09-17 16:00:00,1.36539,1.36643,1.36478,1.36622,3879,8,0
2025-09-17 17:00:00,1.36622,1.3669,1.36575,1.36588,3651,8,0
2025-09-17 18:00:00,1.36589,1.3666,1.36547,1.36584,3256,8,0
2025-09-17 19:00:00,1.36586,1.3669,1.36572,1.36645,2390,8,0
2025-09-17 20:00:00,1.36645,1.36681,1.36595,1.36653,2583,8,0
2025-09-17 21:00:00,1.36656,1.37259,1.3624399999999999,1.36391,15726,8,0
2025-09-17 22:00:00,1.36391,1.36653,1.3633600000000001,1.36367,10359,8,0
2025-09-17 23:00:00,1.36367,1.36379,1.36192,1.3623,4127,8,0
2025-09-18 00:00:00,1.36164,1.36342,1.36134,1.36257,858,16,0
2025-09-18 01:00:00,1.36277,1.36328,1.36239,1.36288,1472,8,0
2025-09-18 02:00:00,1.36294,1.3635,1.36273,1.36289,1900,8,0
2025-09-18 03:00:00,1.3629,1.36293,1.362,1.36265,4457,8,0
2025-09-18 04:00:00,1.36265,1.36301,1.36097,1.3617,3971,8,0
2025-09-18 05:00:00,1.36171,1.36279,1.36171,1.3627099999999999,2920,8,0
2025-09-18 06:00:00,1.3627099999999999,1.363,1.36196,1.36202,2068,8,0
2025-09-18 07:00:00,1.36202,1.36212,1.36045,1.36062,2740,8,0
2025-09-18 08:00:00,1.36062,1.36096,1.35913,1.35965,2920,8,0
2025-09-18 09:00:00,1.3596599999999999,1.36044,1.35858,1.35946,4223,8,0
2025-09-18 10:00:00,1.35946,1.36399,1.35945,1.36326,5006,8,0
2025-09-18 11:00:00,1.36326,1.3648,1.36262,1.3639000000000001,3704,8,0
2025-09-18 12:00:00,1.36391,1.36548,1.3636599999999999,1.3645100000000001,3425,8,0
2025-09-18 13:00:00,1.3645100000000001,1.36539,1.36413,1.3648799999999999,3051,8,0
2025-09-18 14:00:00,1.3648799999999999,1.3660700000000001,1.36125,1.36212,4691,0,0
2025-09-18 15:00:00,1.36213,1.36227,1.35941,1.35941,5280,0,0
2025-09-18 16:00:00,1.3594300000000001,1.35954,1.35336,1.35507,6374,0,0
2025-09-18 17:00:00,1.35508,1.35709,1.3544800000000001,1.35517,7353,8,0
2025-09-18 18:00:00,1.3552,1.35615,1.35357,1.35476,6325,8,0
2025-09-18 19:00:00,1.35476,1.3557299999999999,1.35415,1.35524,3906,8,0
2025-09-18 20:00:00,1.35523,1.35628,1.3550200000000001,1.35549,3642,8,0
2025-09-18 21:00:00,1.35548,1.35562,1.35439,1.35527,2521,8,0
2025-09-18 22:00:00,1.35527,1.3557000000000001,1.35471,1.35481,2229,8,0
2025-09-18 23:00:00,1.3548200000000001,1.35534,1.35447,1.35531,1823,8,0
2025-09-19 00:00:00,1.35468,1.35544,1.3542100000000001,1.35531,1718,13,0
2025-09-19 01:00:00,1.35533,1.3554599999999999,1.3551,1.35511,2427,8,0
2025-09-19 02:00:00,1.35511,1.35561,1.3551,1.3554300000000001,1029,8,0
2025-09-19 03:00:00,1.35544,1.35553,1.35399,1.3548499999999999,2869,8,0
2025-09-19 04:00:00,1.3548499999999999,1.355,1.35359,1.35382,3024,8,0
2025-09-19 05:00:00,1.35382,1.35423,1.35306,1.35408,2405,8,0
2025-09-19 06:00:00,1.35407,1.35585,1.35407,1.355,3333,8,0
2025-09-19 07:00:00,1.3550200000000001,1.35591,1.35416,1.35437,3277,0,0
2025-09-19 08:00:00,1.35437,1.35508,1.35406,1.3544,2286,0,0
2025-09-19 09:00:00,1.35439,1.3545099999999999,1.34968,1.35072,5343,0,0
2025-09-19 10:00:00,1.35073,1.3514,1.34846,1.34906,5617,8,0
2025-09-19 11:00:00,1.34906,1.3501400000000001,1.34821,1.34991,4223,8,0
2025-09-19 12:00:00,1.34991,1.35099,1.3495,1.3504399999999999,4144,8,0
2025-09-19 13:00:00,1.35043,1.3508200000000001,1.34941,1.34961,2239,8,0
2025-09-19 14:00:00,1.3496299999999999,1.34982,1.34726,1.3477000000000001,3357,8,0
2025-09-19 15:00:00,1.3477000000000001,1.34828,1.34628,1.34681,4710,8,0
2025-09-19 16:00:00,1.34683,1.34943,1.34679,1.3489200000000001,5805,8,0
2025-09-19 17:00:00,1.3489,1.34976,1.34805,1.34815,6556,8,0
2025-09-19 18:00:00,1.34816,1.34847,1.34717,1.34818,4408,8,0
2025-09-19 19:00:00,1.34819,1.34848,1.34701,1.34822,3016,8,0
2025-09-19 20:00:00,1.34821,1.34846,1.34732,1.34757,2428,8,0
2025-09-19 21:00:00,1.34757,1.34761,1.34664,1.34687,2250,8,0
2025-09-19 22:00:00,1.34687,1.34752,1.34669,1.3472,1825,8,0
2025-09-19 23:00:00,1.3471899999999999,1.34737,1.34656,1.34671,2599,8,0
2025-09-22 00:00:00,1.34609,1.34657,1.34601,1.34627,1296,81,0
2025-09-22 01:00:00,1.34628,1.34723,1.34627,1.34704,991,8,0
2025-09-22 02:00:00,1.34704,1.34714,1.3462100000000001,1.34622,1376,8,0
2025-09-22 03:00:00,1.34623,1.34673,1.3457,1.34673,2553,8,0
2025-09-22 04:00:00,1.34673,1.3473899999999999,1.34652,1.34659,3172,8,0
2025-09-22 05:00:00,1.34659,1.34663,1.34581,1.3458700000000001,2458,8,0
2025-09-22 06:00:00,1.3458700000000001,1.34666,1.34573,1.34618,1896,8,0
2025-09-22 07:00:00,1.34618,1.34622,1.34527,1.346,1952,8,0
2025-09-22 08:00:00,1.346,1.34734,1.34589,1.3471199999999999,1650,8,0
2025-09-22 09:00:00,1.34713,1.34823,1.34698,1.34741,3048,8,0
2025-09-22 10:00:00,1.3474300000000001,1.34826,1.3471199999999999,1.34781,3559,8,0
2025-09-22 11:00:00,1.34781,1.35029,1.34763,1.34955,3566,8,0
2025-09-22 12:00:00,1.34955,1.35038,1.3489900000000001,1.3501699999999999,2535,8,0
2025-09-22 13:00:00,1.3501699999999999,1.35063,1.34946,1.3498999999999999,2862,8,0
2025-09-22 14:00:00,1.3498999999999999,1.34993,1.3491900000000001,1.34977,2703,8,0
2025-09-22 15:00:00,1.34977,1.35156,1.34896,1.3507799999999999,3867,8,0
2025-09-22 16:00:00,1.35079,1.3514300000000001,1.34978,1.35067,5317,8,0
2025-09-22 17:00:00,1.35067,1.35069,1.3491900000000001,1.3494,4348,8,0
2025-09-22 18:00:00,1.3494,1.3505,1.3491900000000001,1.3502100000000001,3478,8,0
2025-09-22 19:00:00,1.35018,1.35202,1.34995,1.35079,3214,8,0
2025-09-22 20:00:00,1.3507799999999999,1.35171,1.35066,1.3516,2235,8,0
2025-09-22 21:00:00,1.3516,1.35191,1.35144,1.35164,1962,8,0
2025-09-22 22:00:00,1.35164,1.35187,1.35144,1.35157,1321,8,0
2025-09-22 23:00:00,1.35157,1.35165,1.35115,1.3511600000000001,1340,8,0
2025-09-23 00:00:00,1.35077,1.3512,1.3498700000000001,1.35103,1258,16,0
2025-09-23 01:00:00,1.3511,1.35162,1.35104,1.35135,1408,8,0
2025-09-23 02:00:00,1.35137,1.35157,1.3513,1.3513600000000001,1007,8,0
2025-09-23 03:00:00,1.35135,1.35202,1.35106,1.35201,2271,8,0
2025-09-23 04:00:00,1.35202,1.35269,1.35158,1.35226,2443,8,0
2025-09-23 05:00:00,1.35225,1.35239,1.3504800000000001,1.35086,1930,8,0
2025-09-23 06:00:00,1.35086,1.35152,1.35026,1.35152,1968,8,0
2025-09-23 07:00:00,1.35152,1.35169,1.35042,1.35072,2421,8,0
2025-09-23 08:00:00,1.35071,1.35142,1.35032,1.35069,1728,8,0
2025-09-23 09:00:00,1.35068,1.35217,1.35022,1.35153,3739,8,0
2025-09-23 10:00:00,1.35152,1.35224,1.35047,1.3519999999999999,5818,8,0
2025-09-23 11:00:00,1.35198,1.35275,1.3486500000000001,1.35033,4670,8,0
2025-09-23 12:00:00,1.35033,1.35137,1.34966,1.35046,3405,8,0
2025-09-23 13:00:00,1.35047,1.35157,1.34986,1.35103,3050,8,0
2025-09-23 14:00:00,1.35103,1.3519700000000001,1.35057,1.35141,3218,8,0
2025-09-23 15:00:00,1.35144,1.3529200000000001,1.35094,1.35244,3721,8,0
2025-09-23 16:00:00,1.35243,1.35362,1.35057,1.35171,6082,8,0
2025-09-23 17:00:00,1.3517000000000001,1.35255,1.35088,1.35241,5657,8,0
2025-09-23 18:00:00,1.35239,1.35252,1.3507500000000001,1.35161,4060,8,0
2025-09-23 19:00:00,1.35163,1.35233,1.35066,1.3520400000000001,3930,8,0
2025-09-23 20:00:00,1.35203,1.35251,1.35148,1.35163,3790,8,0
2025-09-23 21:00:00,1.35162,1.35214,1.35129,1.35164,3298,8,0
2025-09-23 22:00:00,1.35164,1.35267,1.35137,1.35248,3000,8,0
2025-09-23 23:00:00,1.35248,1.3526500000000001,1.35198,1.35249,1087,8,0
2025-09-24 00:00:00,1.35156,1.3525800000000001,1.35103,1.35168,1672,13,0
2025-09-24 01:00:00,1.35167,1.35277,1.35167,1.35245,1398,8,0
2025-09-24 02:00:00,1.35245,1.35269,1.35216,1.3523800000000001,1436,8,0
2025-09-24 03:00:00,1.3523800000000001,1.3525800000000001,1.3513600000000001,1.35144,3104,8,0
2025-09-24 04:00:00,1.35144,1.35156,1.3507500000000001,1.35104,2705,8,0
2025-09-24 05:00:00,1.35104,1.35157,1.35095,1.3510499999999999,2148,8,0
2025-09-24 06:00:00,1.35104,1.35138,1.3506,1.35065,1963,8,0
2025-09-24 07:00:00,1.35065,1.35099,1.35049,1.35083,1343,8,0
2025-09-24 08:00:00,1.35083,1.35117,1.35007,1.35059,1995,8,0
2025-09-24 09:00:00,1.35061,1.35108,1.34916,1.34982,3598,8,0
2025-09-24 10:00:00,1.34982,1.35015,1.34812,1.34842,3693,8,0
2025-09-24 11:00:00,1.34842,1.34845,1.34729,1.34832,3870,8,0
2025-09-24 12:00:00,1.3483100000000001,1.34871,1.34707,1.34771,2801,8,0
2025-09-24 13:00:00,1.34771,1.34791,1.3464,1.3464,2421,8,0
2025-09-24 14:00:00,1.3464,1.34693,1.34548,1.3457,3184,8,0
2025-09-24 15:00:00,1.3457,1.34704,1.34358,1.34452,4292,8,0
2025-09-24 16:00:00,1.34452,1.3447200000000001,1.34261,1.34369,4559,8,0
2025-09-24 17:00:00,1.34369,1.34571,1.34262,1.34508,6231,8,0
2025-09-24 18:00:00,1.34507,1.34562,1.34437,1.3446799999999999,4734,8,0
2025-09-24 19:00:00,1.34467,1.34491,1.34386,1.34423,3684,8,0
2025-09-24 20:00:00,1.34423,1.34552,1.34417,1.3453300000000001,2335,8,0
2025-09-24 21:00:00,1.34532,1.34543,1.34429,1.34484,2836,8,0
2025-09-24 22:00:00,1.34482,1.34501,1.34427,1.34457,2023,8,0
2025-09-24 23:00:00,1.34458,1.34483,1.3443,1.34471,1200,8,0
2025-09-25 00:00:00,1.3446,1.34506,1.34384,1.3447,2044,22,0
2025-09-25 01:00:00,1.34461,1.34511,1.3443399999999999,1.34503,1310,8,0
2025-09-25 02:00:00,1.34506,1.34531,1.34484,1.34489,829,8,0
2025-09-25 03:00:00,1.34489,1.34573,1.34481,1.34562,3702,8,0
2025-09-25 04:00:00,1.34562,1.3458700000000001,1.34488,1.34536,3788,8,0
2025-09-25 05:00:00,1.34536,1.34616,1.3453300000000001,1.34581,2981,8,0
2025-09-25 06:00:00,1.34581,1.34623,1.34551,1.3461,1985,8,0
2025-09-25 07:00:00,1.3461,1.34642,1.34596,1.3462399999999999,1448,8,0
2025-09-25 08:00:00,1.3462399999999999,1.34625,1.34528,1.34543,2347,8,0
2025-09-25 09:00:00,1.34544,1.34667,1.34496,1.34644,2913,8,0
2025-09-25 10:00:00,1.34644,1.3464800000000001,1.34361,1.3437000000000001,4041,8,0
2025-09-25 11:00:00,1.3437299999999999,1.34531,1.3434,1.34522,3352,8,0
2025-09-25 12:00:00,1.34523,1.34588,1.34459,1.34494,2959,8,0
2025-09-25 13:00:00,1.34496,1.34561,1.34458,1.3446,2841,8,0
2025-09-25 14:00:00,1.34459,1.34476,1.34174,1.34212,3113,8,0
2025-09-25 15:00:00,1.34212,1.34226,1.33719,1.33833,7181,8,0
2025-09-25 16:00:00,1.33832,1.3394,1.33628,1.3370199999999999,7881,8,0
2025-09-25 17:00:00,1.337,1.33837,1.33469,1.33473,7155,8,0
2025-09-25 18:00:00,1.33472,1.3351199999999999,1.33408,1.3348200000000001,5187,8,0
2025-09-25 19:00:00,1.3348,1.33568,1.33355,1.33389,3947,8,0
2025-09-25 20:00:00,1.3338700000000001,1.33432,1.33264,1.33348,3819,8,0
2025-09-25 21:00:00,1.33348,1.33373,1.33233,1.33335,3814,8,0
2025-09-25 22:00:00,1.3333300000000001,1.33402,1.33332,1.3336299999999999,2329,8,0
2025-09-25 23:00:00,1.33362,1.33465,1.3336000000000001,1.33411,1483,8,0
2025-09-26 00:00:00,1.33315,1.33442,1.33277,1.33352,2040,32,0
2025-09-26 01:00:00,1.33334,1.3345,1.33334,1.3343099999999999,1033,8,0
2025-09-26 02:00:00,1.3343099999999999,1.3343099999999999,1.33318,1.33349,1196,8,0
2025-09-26 03:00:00,1.33347,1.33454,1.33289,1.33448,2702,8,0
2025-09-26 04:00:00,1.33447,1.33477,1.33389,1.33412,2458,8,0
2025-09-26 05:00:00,1.33413,1.33549,1.33411,1.33495,2013,8,0
2025-09-26 06:00:00,1.33495,1.33538,1.3348200000000001,1.33534,1417,8,0
2025-09-26 07:00:00,1.33534,1.33548,1.3349199999999999,1.33538,1412,8,0
2025-09-26 08:00:00,1.33538,1.33572,1.33522,1.33533,1592,8,0
2025-09-26 09:00:00,1.33533,1.33637,1.33505,1.3363399999999999,3082,8,0
2025-09-26 10:00:00,1.33631,1.33693,1.33449,1.33522,3661,8,0
2025-09-26 11:00:00,1.33521,1.3370199999999999,1.33507,1.33646,2656,8,0
2025-09-26 12:00:00,1.33646,1.33657,1.33502,1.33522,2934,8,0
2025-09-26 13:00:00,1.33522,1.3355000000000001,1.33429,1.33456,2615,8,0
2025-09-26 14:00:00,1.3345500000000001,1.3356,1.33434,1.33498,2189,8,0
2025-09-26 15:00:00,1.33499,1.3376700000000001,1.3348,1.3376700000000001,5494,8,0
2025-09-26 16:00:00,1.3376299999999999,1.33877,1.33749,1.33841,6364,8,0
2025-09-26 17:00:00,1.3384,1.34061,1.3384,1.34013,6225,8,0
2025-09-26 18:00:00,1.34013,1.34125,1.33941,1.3401100000000001,4078,8,0
2025-09-26 19:00:00,1.3401100000000001,1.34093,1.33961,1.33978,2770,8,0
2025-09-26 20:00:00,1.33978,1.3407,1.33976,1.3404099999999999,2105,8,0
2025-09-26 21:00:00,1.34042,1.34111,1.3400400000000001,1.3409,1734,8,0
2025-09-26 22:00:00,1.3409,1.34091,1.3403100000000001,1.34073,1273,8,0
2025-09-26 23:00:00,1.34073,1.34087,1.33932,1.33981,1619,8,0
2025-09-29 00:00:00,1.3387,1.33998,1.33853,1.33981,745,32,0
2025-09-29 01:00:00,1.33966,1.34056,1.33966,1.3403800000000001,792,8,0
2025-09-29 02:00:00,1.3403800000000001,1.34105,1.34032,1.34069,789,8,0
2025-09-29 03:00:00,1.3406799999999999,1.34245,1.34061,1.34233,2533,8,0
2025-09-29 04:00:00,1.34233,1.3428,1.3416000000000001,1.34262,3407,8,0
2025-09-29 05:00:00,1.34263,1.34336,1.34254,1.34291,2382,8,0
2025-09-29 06:00:00,1.3429,1.3434,1.34283,1.3431600000000001,1615,8,0
2025-09-29 07:00:00,1.3431600000000001,1.3441,1.3428,1.34371,1407,8,0
2025-09-29 08:00:00,1.34371,1.34423,1.3434,1.34413,1965,8,0
2025-09-29 09:00:00,1.34413,1.34421,1.3434,1.34376,2897,8,0
2025-09-29 10:00:00,1.34376,1.34493,1.34362,1.34461,2996,8,0
2025-09-29 11:00:00,1.34461,1.3450199999999999,1.34311,1.34351,2962,8,0
2025-09-29 12:00:00,1.34351,1.34423,1.34297,1.3430900000000001,2533,8,0
2025-09-29 13:00:00,1.3430900000000001,1.34326,1.34247,1.34279,2729,8,0
2025-09-29 14:00:00,1.3427799999999999,1.3447,1.34241,1.3447,3129,8,0
2025-09-29 15:00:00,1.3447,1.3456299999999999,1.34337,1.34511,4768,8,0
2025-09-29 16:00:00,1.3451,1.34517,1.34371,1.3437999999999999,5345,8,0
2025-09-29 17:00:00,1.3437999999999999,1.34395,1.34154,1.34178,5011,8,0
2025-09-29 18:00:00,1.34179,1.34358,1.34168,1.34317,4578,8,0
2025-09-29 19:00:00,1.34318,1.34355,1.34259,1.34305,3259,8,0
2025-09-29 20:00:00,1.34305,1.34336,1.34233,1.34247,2455,8,0
2025-09-29 21:00:00,1.34247,1.34384,1.34228,1.34374,1894,8,0
2025-09-29 22:00:00,1.34375,1.34382,1.34338,1.34355,2182,8,0
2025-09-29 23:00:00,1.34355,1.34355,1.3429,1.34301,1167,8,0
2025-09-30 00:00:00,1.34176,1.34272,1.3416000000000001,1.34249,949,23,0
2025-09-30 01:00:00,1.34247,1.34334,1.34247,1.34332,692,8,0
2025-09-30 02:00:00,1.34332,1.34372,1.34329,1.3434300000000001,685,8,0
2025-09-30 03:00:00,1.3434300000000001,1.34355,1.34201,1.34246,2594,8,0
2025-09-30 04:00:00,1.34246,1.34342,1.34219,1.3422399999999999,2678,8,0
2025-09-30 05:00:00,1.3422399999999999,1.3431600000000001,1.342,1.34305,1696,8,0
2025-09-30 06:00:00,1.34305,1.34383,1.34272,1.3435000000000001,1683,8,0
2025-09-30 07:00:00,1.3435000000000001,1.34379,1.34273,1.3437700000000001,2177,8,0
2025-09-30 08:00:00,1.34378,1.34461,1.34327,1.34329,2216,8,0
2025-09-30 09:00:00,1.34335,1.34512,1.34279,1.3439999999999999,3594,8,0
2025-09-30 10:00:00,1.3439999999999999,1.34511,1.34313,1.34463,4191,8,0
2025-09-30 11:00:00,1.34464,1.34518,1.34403,1.34454,3676,8,0
2025-09-30 12:00:00,1.34453,1.34493,1.3440400000000001,1.3444099999999999,3068,8,0
2025-09-30 13:00:00,1.3444099999999999,1.34505,1.3436,1.3437299999999999,3478,8,0
2025-09-30 14:00:00,1.3437299999999999,1.34435,1.34242,1.34365,2720,8,0
2025-09-30 15:00:00,1.34365,1.34516,1.3436,1.34418,3487,8,0
2025-09-30 16:00:00,1.3442,1.3449900000000001,1.34131,1.34424,4838,8,0
2025-09-30 17:00:00,1.34424,1.34667,1.34344,1.3461400000000001,7036,8,0
2025-09-30 18:00:00,1.3461400000000001,1.34625,1.34358,1.34425,5315,8,0
2025-09-30 19:00:00,1.34426,1.3462100000000001,1.34391,1.34584,3909,8,0
2025-09-30 20:00:00,1.34583,1.34633,1.3449200000000001,1.34504,3963,8,0
2025-09-30 21:00:00,1.34503,1.34525,1.34401,1.34483,2044,8,0
2025-09-30 22:00:00,1.34482,1.34516,1.3443399999999999,1.34485,2357,8,0
2025-09-30 23:00:00,1.34486,1.34494,1.34391,1.34439,1368,8,0
2025-10-01 00:00:00,1.34398,1.34435,1.34367,1.34406,1611,28,0
2025-10-01 01:00:00,1.3440699999999999,1.34511,1.34403,1.3443399999999999,1423,8,0
2025-10-01 02:00:00,1.34436,1.34494,1.34419,1.34421,1238,8,0
